tag,iteration,total_cost_real,total_direct_costs_per_year_2023,DR_Welfare_Cost_2023,payment EI2023,payment RC2023,gas sold EI2023,gas sold RC2023
ref2023_dr_expansion_case,0,188965715597.5932,200473668155.003,9920.413964032048,86435456280.38231,43045381994.384674,22787242695.97333,8256392253.850708
ref2023_dr_expansion_case,1,186448083968.5762,200787679357.64905,-497484512.56453097,16906015776.113491,9283881266.342457,23980495442.365753,8364180402.632378
ref2023_dr_expansion_case,2,186443420412.691,200752533849.38632,-492451522.26050174,19138593466.89992,9860528730.030634,23964286585.214878,8362481823.081128
ref2023_dr_expansion_case,3,186443157226.46313,200754511899.18185,-492827732.9376401,18973335003.99545,9805026355.684233,23965108671.81173,8362659905.089507
